description,fault
"iPhone 15 Back Glass Replacement. Use this guide to remove or replace a cracked or broken back glass on your iPhone 15. Note: On iOS 18 and newer, you can pair new, genuine rear. Steps: Step 1Prepare your phone for disassemblyAllow your phone's battery to drain below 25%, as a charged ; Step 2Tape over any cracksIf your screen or back glass is badly cracked, lay overlapping strips of p; Step 3Mark your opening picksIf inserted too far, an opening pick can damage your device. Follow thi",Battery Issue
"iPhone 15 Battery Replacement. Use this guide to replace the battery in your iPhone 15. iPhone batteries are rated to hold 80% of their capacity for up to 1000 charge cycles. If. Steps: Step 1Prepare your phone for disassemblyAllow your phone's battery to drain below 25%, as a charged ; Step 2Tape over any cracksIf your screen or back glass is badly cracked, lay overlapping strips of p; Step 3Mark your opening picksIf inserted too far, an opening pick can damage your device. Follow thi",Battery Issue
"iPhone 15 Earpiece Speaker Replacement. Use this guide to replace the earpiece speaker in your iPhone 15. If the sound coming through your iPhone, especially during phone calls, sounds. Steps: Step 1Prepare your phone for disassemblyAllow your phone's battery to drain below 25%, as a charged ; Step 2Tape over any cracksIf your screen or back glass is badly cracked, lay overlapping strips of p; Step 3Mark your opening picksIf inserted too far, an opening pick can damage your device. Follow thi",Battery Issue
"iPhone 15 Front Camera Assembly Replacement. Use this guide to replace the front camera assembly in your iPhone 15. This assembly includes the front-facing camera and Face ID hardware. These. Steps: Step 1Prepare your phone for disassemblyAllow your phone's battery to drain below 25%, as a charged ; Step 2Tape over any cracksIf your screen or back glass is badly cracked, lay overlapping strips of p; Step 3Mark your opening picksIf inserted too far, an opening pick can damage your device. Follow thi",Battery Issue
"iPhone 15 Plus Back Glass Replacement. Use this guide to remove or replace a cracked or broken back glass on your iPhone 15 Plus. Note: On iOS 18 and newer, you can pair new, genuine. Steps: Step 1Prepare your phone for disassemblyAllow your phone's battery to drain below 25%, as a charged ; Step 2Tape over any cracksIf your screen or back glass is badly cracked, lay overlapping strips of p; Step 3Mark your opening picksIf inserted too far, an opening pick can damage your device. Follow thi",Battery Issue
"iPhone 15 Plus Battery Replacement. Use this guide to replace the battery in your iPhone 15 Plus. iPhone batteries are rated to hold 80% of their capacity for up to 1000 charge. Steps: Step 1Prepare your phone for disassemblyAllow your phone's battery to drain below 25%, as a charged ; Step 2Tape over any cracksIf your screen or back glass is badly cracked, lay overlapping strips of p; Step 3Mark your opening picksIf inserted too far, an opening pick can damage your device. Follow thi",Battery Issue
"iPhone 15 Plus Earpiece Speaker Replacement. Use this guide to replace the earpiece speaker in your iPhone 15 Plus. If the sound coming through your iPhone, especially during phone calls,. Steps: Step 1Prepare your phone for disassemblyAllow your phone's battery to drain below 25%, as a charged ; Step 2Tape over any cracksIf your screen or back glass is badly cracked, lay overlapping strips of p; Step 3Mark your opening picksIf inserted too far, an opening pick can damage your device. Follow thi",Battery Issue
"iPhone 15 Plus Front Camera Assembly Replacement. Use this guide to replace the front camera assembly in your iPhone 15 Plus. This assembly includes the front-facing camera and Face ID hardware. Steps: Step 1Prepare your phone for disassemblyAllow your phone's battery to drain below 25%, as a charged ; Step 2Tape over any cracksIf your screen or back glass is badly cracked, lay overlapping strips of p; Step 3Mark your opening picksIf inserted too far, an opening pick can damage your device. Follow thi",Battery Issue
"iPhone 15 Pro Back Glass Replacement. Use this guide to remove or replace a cracked or broken back glass on your iPhone 15 Pro. Note: On iOS 18 and newer, you can pair new, genuine rear. Steps: Step 1Prepare your iPhone for disassemblyLet your phone's battery drain below 25% before starting th; Step 2Tape over any cracksIf your screen or back glass is cracked, lay overlapping strips of packing; Step 3Mark your opening picksIf inserted too far, an opening pick can damage your device. Follow thi",Battery Issue
"iPhone 15 Pro Battery Replacement. Use this guide to replace the battery in your iPhone 15 Pro. iPhone batteries are rated to hold 80% of their capacity for up to 1000 charge cycles. Steps: Step 1Prepare your iPhone for disassemblyLet your phone's battery drain below 25% before starting th; Step 2Tape over any cracksIf your screen or back glass is cracked, lay overlapping strips of packing; Step 3Mark your opening picksIf inserted too far, an opening pick can damage your device. Follow thi",Battery Issue
"iPhone 15 Pro Earpiece Speaker Replacement. Use this guide to replace the earpiece speaker in your iPhone 15 Pro. If phone calls sound like static or crackling, it may be time to replace the. Steps: Step 1Prepare your iPhone for disassemblyLet your phone's battery drain below 25% before starting th; Step 2Tape over any cracksIf your screen or back glass is cracked, lay overlapping strips of packing; Step 3Mark your opening picksIf inserted too far, an opening pick can damage your device. Follow thi",Battery Issue
"iPhone 15 Pro Front Camera Assembly Replacement. Use this guide to replace the front camera assembly in your iPhone 15 Pro. If your front camera's image looks fuzzy or has stopped working entirely. Steps: Step 1Prepare your iPhone for disassemblyLet your phone's battery drain below 25% before starting th; Step 2Tape over any cracksIf your screen or back glass is cracked, lay overlapping strips of packing; Step 3Mark your opening picksIf inserted too far, an opening pick can damage your device. Follow thi",Battery Issue
"iPhone 15 Pro Max Chip ID. These board shots are taken using a US iPhone 15 Pro Max. This model lacks a physical SIM tray, but contains hardware to support 5G mmWave bands,. Steps: Step 1Main PCB Side 1Likely Kioxia K5A4RB6302CA12304 256 GB NAND flashApple 338S00537 audio amplifie; Step 2Main PCB Side 1 - ConnectivityLikely NXP Semiconductor NFC controllerEditAdd a commentAdd a co; Step 3Main PCB Side 2Apple APL1V02/339S01257 A17 Pro hexa-core applications processor w/ hexa-core G",SIM IC Issue
"iPhone 15 Pro Max Back Glass Replacement. Use this guide to remove or replace a cracked or broken back glass on your iPhone 15 Pro Max. Note: On iOS 18 and newer, you can pair new, genuine. Steps: Step 1Prepare your phone for disassemblyAllow your phone's battery to drain below 25%, as a charged ; Step 2Tape over any cracksIf your screen or back glass is badly cracked, lay overlapping strips of p; Step 3Mark your opening picksIf inserted too far, an opening pick can damage your device. Follow thi",Battery Issue
"iPhone 15 Pro Max Battery Replacement. Use this guide to replace the battery in your iPhone 15 Pro Max. iPhone batteries are rated to hold 80% of their capacity for up to 1000 charge. Steps: Step 1Prepare your phone for disassemblyAllow your phone's battery to drain below 25%, as a charged ; Step 2Tape over any cracksIf your screen or back glass is badly cracked, lay overlapping strips of p; Step 3Mark your opening picksIf inserted too far, an opening pick can damage your device. Follow thi",Battery Issue
"iPhone 15 Pro Max Earpiece Speaker Replacement. Use this guide to replace the earpiece speaker in your iPhone 15 Pro Max. If the sound coming through your iPhone, especially during phone calls,. Steps: Step 1Prepare your phone for disassemblyAllow your phone's battery to drain below 25%, as a charged ; Step 2Tape over any cracksIf your screen or back glass is badly cracked, lay overlapping strips of p; Step 3Mark your opening picksIf inserted too far, an opening pick can damage your device. Follow thi",Battery Issue
"iPhone 14 Battery Replacement. Use this guide to replace a worn-out or dead battery in your iPhone 14. iPhone batteries are rated to hold 80% of their capacity for up to 500. Steps: Step 1Remove the pentalobe screwsPower off your iPhone before beginning disassembly.Remove the two 6; Step 2Mark your opening picksIf inserted too far, an opening pick can damage your device. Follow thi; Step 3Tape over any cracksIf your iPhone has a cracked rear glass, keep further breakage contained a",Battery Issue
"iPhone 14 charging coil assembly replacement. Here is what happened to me: I wanted to install a new battery to my iPhone 14 but whilst removing the backcover the thing broke and had to be. Steps: Step 1Remove the pentalobe screwsPower off your iPhone before beginning disassembly.Remove the two 6; Step 2Mark your opening picksIf inserted too far, an opening pick can damage your device. Follow thi; Step 3Tape over any cracksIf your iPhone has a cracked rear glass, keep further breakage contained a",Battery Issue
"iPhone 14 Earpiece Speaker Replacement. Use this guide to remove or replace an earpiece speaker in an iPhone 14. This guide was created using the A2882 (international) model. If you're. Steps: Step 1Remove the pentalobe screwsPower off your iPhone before beginning disassembly.Remove the two 6; Step 2Mark your opening picksIf inserted too far, an opening pick can damage your device. Follow thi; Step 3Tape over any cracksIf your iPhone has a cracked rear glass, keep further breakage contained a",Speaker Issue
"iPhone 14 Front-Facing Camera Assembly Replacement. Use this guide to remove or replace the front-facing camera assembly in you iPhone 14. This guide was created using the A2882 (international). Steps: Step 1Remove the pentalobe screwsPower off your iPhone before beginning disassembly.Remove the two 6; Step 2Mark your opening picksIf inserted too far, an opening pick can damage your device. Follow thi; Step 3Tape over any cracksIf your iPhone has a cracked rear glass, keep further breakage contained a",Power IC Issue
"iPhone 14 Plus Battery Replacement. Use this guide to replace a worn-out or dead battery in your iPhone 14 Plus. iPhone batteries are rated to hold 80% of their capacity for up to 500. Steps: Step 1Remove the pentalobe screwsPower off your iPhone before beginning disassembly.Remove the two 6; Step 2Mark your opening picksIf inserted too far, an opening pick can damage your device. Follow thi; Step 3Tape over any cracksIf your iPhone has a cracked rear glass, keep further breakage contained a",Battery Issue
"iPhone 14 Plus Earpiece Speaker Replacement. Use this guide to replace a broken earpiece speaker in an iPhone 14 Plus. This guide was created using the A2886 (international) model. If you're. Steps: Step 1Remove the pentalobe screwsPower off your iPhone before beginning disassembly.Remove the two 6; Step 2Mark your opening picksIf inserted too far, an opening pick can damage your device. Follow thi; Step 3Tape over any cracksIf your iPhone has a cracked rear glass, keep further breakage contained a",Speaker Issue
"iPhone 14 Plus Front-Facing Camera Assembly Replacement. Use this guide to remove or replace the front-facing camera assembly in an iPhone 14 Plus. This guide was created using the A2886 (international). Steps: Step 1Remove the pentalobe screwsPower off your iPhone before beginning disassembly.Remove the two 6; Step 2Mark your opening picksIf inserted too far, an opening pick can damage your device. Follow thi; Step 3Tape over any cracksIf your iPhone has a cracked rear glass, keep further breakage contained a",Power IC Issue
"iPhone 14 Plus Loudspeaker Replacement. Use this guide to remove and replace the loudspeaker in your iPhone 14 Plus. This guide was created using the A2886 (international) model. If. Steps: Step 1Remove the pentalobe screwsPower off your iPhone before beginning disassembly.Remove the two 6; Step 2Mark your opening picksIf inserted too far, an opening pick can damage your device. Follow thi; Step 3Tape over any cracksIf your iPhone has a cracked rear glass, keep further breakage contained a",Speaker Issue
"iPhone 14 Pro Battery Replacement. Use this guide to replace a worn-out or dead battery in your iPhone 14 Pro. iPhone batteries are rated to hold 80% of their capacity for up to 500. Steps: Step 1Remove the pentalobe screwsPower off your iPhone before beginning disassembly.Remove the two 6; Step 2Mark your opening picksIf inserted too far, an opening pick can damage your device. Follow thi; Step 3Tape over any cracksIf your iPhone has a cracked screen, keep further breakage contained and p",Battery Issue
"iPhone 14 Pro Earpiece Speaker Replacement. Use this guide to replace a broken earpiece speaker in an iPhone 14 Pro. This guide was created using the A2890 (international) model. If you're. Steps: Step 1Remove the pentalobe screwsPower off your iPhone before beginning disassembly.Remove the two 6; Step 2Mark your opening picksIf inserted too far, an opening pick can damage your device. Follow thi; Step 3Tape over any cracksIf your iPhone has a cracked screen, keep further breakage contained and p",Display Issue
"iPhone 14 Pro Front-Facing Camera Assembly Replacement. Use this guide to remove or replace the front-facing camera assembly in an iPhone 14 Pro. This guide was created using the A2890 (international). Steps: Step 1Remove the pentalobe screwsPower off your iPhone before beginning disassembly.Remove the two 6; Step 2Mark your opening picksIf inserted too far, an opening pick can damage your device. Follow thi; Step 3Tape over any cracksIf your iPhone has a cracked screen, keep further breakage contained and p",Display Issue
"iPhone 14 Pro Lidar Sensor Replacement. Use this guide to remove or replace the lidar sensor in an iPhone 14 Pro. This guide was created using the A2890 (international) model. If you're. Steps: Step 1Remove the pentalobe screwsPower off your iPhone before beginning disassembly.Remove the two 6; Step 2Mark your opening picksIf inserted too far, an opening pick can damage your device. Follow thi; Step 3Tape over any cracksIf your iPhone has a cracked screen, keep further breakage contained and p",Display Issue
"iPhone 14 Pro Max Battery Replacement. Use this guide to replace a worn-out or dead battery in your iPhone 14 Pro Max. iPhone batteries are rated to hold 80% of their capacity for up to. Steps: Step 1Remove the pentalobe screwsPower off your iPhone before beginning disassembly.Remove the two 6; Step 2Mark your opening picksIf inserted too far, an opening pick can damage your device. Follow thi; Step 3Tape over any cracksIf your iPhone has a cracked screen, keep further breakage contained and p",Battery Issue
"iPhone 14 Pro Max Earpiece Speaker Replacement. Use this guide to replace a broken earpiece speaker in your iPhone 14 Pro Max. This guide was created using the A2894 (international) model. If. Steps: Step 1Remove the pentalobe screwsPower off your iPhone before beginning disassembly.Remove the two 6; Step 2Mark your opening picksIf inserted too far, an opening pick can damage your device. Follow thi; Step 3Tape over any cracksIf your iPhone has a cracked screen, keep further breakage contained and p",Display Issue
"iPhone 14 Pro Max Front-Facing Camera Assembly Replacement. Use this guide to remove or replace the front-facing camera assembly in your iPhone 14 Pro Max. This guide was created using the A2894. Steps: Step 1Remove the pentalobe screwsPower off your iPhone before beginning disassembly.Remove the two 6; Step 2Mark your opening picksIf inserted too far, an opening pick can damage your device. Follow thi; Step 3Tape over any cracksIf your iPhone has a cracked screen, keep further breakage contained and p",Display Issue
"iPhone 13 Battery Replacement. iPhone batteries are rated to hold 80% of their capacity for up to 500 charge cycles, which lasts roughly 18-24 months for most users. After that,. Steps: Step 1Remove the pentalobe screwsCaution:Before you begin, discharge your iPhone battery below 25%. ; Step 2Mark your opening picksIf inserted too far, an opening pick can damage your device. Follow thi; Step 3Tape over any cracksIf your iPhone has a cracked screen, keep further breakage contained and p",Battery Issue
"iPhone 13 Loudspeaker Replacement. Use this guide to remove and replace the loudspeaker in an iPhone 13. The loudspeaker is the speaker at the bottom of an iPhone. Steps: Step 1Remove the pentalobe screwsCaution:Before you begin, discharge your iPhone battery below 25%. ; Step 2Mark your opening picksIf inserted too far, an opening pick can damage your device. Follow thi; Step 3Tape over any cracksIf your iPhone has a cracked screen, keep further breakage contained and p",Battery Issue
"iPhone 13 Pentalobe Screws Replacement. Use this guide to remove or replace the two screws securing the iPhone 13 display panel. These are the only screws on the exterior of the iPhone. Steps: Step 1Remove the pentalobe screwsCaution:Before you begin, discharge your iPhone battery below 25%.",Battery Issue
"iPhone 13 Rear-Facing Camera Replacement. Use this guide to remove and replace the rear-facing cameras in the iPhone 13. All the camera modules are replaced as a single unit. Note: On iOS. Steps: Step 1Remove the pentalobe screwsCaution:Before you begin, discharge your iPhone battery below 25%. ; Step 2Mark your opening picksIf inserted too far, an opening pick can damage your device. Follow thi; Step 3Tape over any cracksIf your iPhone has a cracked screen, keep further breakage contained and p",Battery Issue
"iPhone 13 mini Battery Replacement. iPhone batteries are rated to hold 80% of their capacity for up to 500 charge cycles, which lasts roughly 18-24 months for most users. After that,. Steps: Step 1Remove the screwsFor your safety, discharge the battery below 25% before disassembling your ph; Step 2Mark your opening picksIf inserted too far, an opening pick can damage your device. Follow thi; Step 3Tape over any cracksIf your iPhone has a cracked screen, keep further breakage contained and p",Battery Issue
"iPhone 13 mini Bottom Speaker Replacement. This guide shows how to remove and/or replace the bottom speaker in an iPhone 13 mini. You’ll need replacement adhesive to reattach components when. Steps: Step 1Remove the screwsFor your safety, discharge the battery below 25% before disassembling your ph; Step 2Mark your opening picksIf inserted too far, an opening pick can damage your device. Follow thi; Step 3Tape over any cracksIf your iPhone has a cracked screen, keep further breakage contained and p",Battery Issue
"iPhone 13 mini Front Sensor Assembly Replacement. This guide shows how to remove or transfer the front sensor assembly in your iPhone 13 mini. This assembly is affixed to the back of the display. Steps: Step 1Remove the screwsFor your safety, discharge the battery below 25% before disassembling your ph; Step 2Mark your opening picksIf inserted too far, an opening pick can damage your device. Follow thi; Step 3Tape over any cracksIf your iPhone has a cracked screen, keep further breakage contained and p",Battery Issue
"iPhone 13 mini Pentalobe Screws Replacement. Use this guide to remove or replace the two screws securing the iPhone 13 mini display panel. These are the only screws on the exterior of the. Steps: Step 1Remove the screwsFor your safety, discharge the battery below 25% before disassembling your ph",Battery Issue
"iPhone 13 Pro Battery Replacement. Follow this guide to replace the battery on an iPhone 13 Pro. If your battery is swollen, take appropriate precautions. Note: On iOS 17.6 and. Steps: Step 1Remove the pentalobe screwsCaution:Before you begin, discharge your iPhone battery below 25%. ; Step 2Mark your opening picksIf inserted too far, an opening pick can damage your device. Follow thi; Step 3Tape over any cracksIf your iPhone has a cracked screen, keep further breakage contained and p",Battery Issue
"iPhone 13 Pro Lidar Sensor Replacement. Follow this guide to replace the lidar sensor on an iPhone 13 Pro. Steps: Step 1Remove the pentalobe screwsCaution:Before you begin, discharge your iPhone battery below 25%. ; Step 2Mark your opening picksIf inserted too far, an opening pick can damage your device. Follow thi; Step 3Tape over any cracksIf your iPhone has a cracked screen, keep further breakage contained and p",Battery Issue
"iPhone 13 Pro Loudspeaker Replacement. Use this guide to remove and replace the loudspeaker in an iPhone 13 Pro. Steps: Step 1Remove the pentalobe screwsCaution:Before you begin, discharge your iPhone battery below 25%. ; Step 2Mark your opening picksIf inserted too far, an opening pick can damage your device. Follow thi; Step 3Tape over any cracksIf your iPhone has a cracked screen, keep further breakage contained and p",Battery Issue
"iPhone 13 Pro Max Battery Replacement. Follow this guide to replace the battery on an iPhone 13 Pro Max. If your battery is swollen, take appropriate precautions. Note: On iOS 17.6 and. Steps: Step 1Remove the pentalobe screwsCaution:Before you begin, discharge your iPhone battery below 25%. ; Step 2Mark your opening picksIf inserted too far, an opening pick can damage your device. Follow thi; Step 3Tape over any cracksIf your iPhone has a cracked screen, keep further breakage contained and p",Battery Issue
"iPhone 13 Pro Max Lidar Sensor Replacement. Follow this guide to replace the lidar sensor on an iPhone 13 Pro Max. Steps: Step 1Remove the pentalobe screwsCaution:Before you begin, discharge your iPhone battery below 25%. ; Step 2Mark your opening picksIf inserted too far, an opening pick can damage your device. Follow thi; Step 3Tape over any cracksIf your iPhone has a cracked screen, keep further breakage contained and p",Battery Issue
"iPhone 13 Pro Max Loudspeaker Replacement. Use this guide to remove and replace the loudspeaker in an iPhone 13 Pro Max. Steps: Step 1Remove the pentalobe screwsCaution:Before you begin, discharge your iPhone battery below 25%. ; Step 2Mark your opening picksIf inserted too far, an opening pick can damage your device. Follow thi; Step 3Tape over any cracksIf your iPhone has a cracked screen, keep further breakage contained and p",Battery Issue
"iPhone 13 Pro Max Pentalobe Screws Replacement. Use this guide to remove or replace the two screws securing the iPhone 13 Pro Max display panel. These are the only screws on the exterior of the. Steps: Step 1Remove the pentalobe screwsCaution:Before you begin, discharge your iPhone battery below 25%.",Battery Issue
"iPhone 12 Battery Replacement. iPhone batteries are rated to hold 80% of their capacity for up to 500 charge cycles, which lasts roughly 18-24 months for most users. After that,. Steps: Step 1Eject the SIM card trayInsert a SIM card eject tool or a paperclip into the small hole in the ; Step 2Remove the SIM card trayRemove the SIM card tray from the iPhone.The SIM card will fall out of; Step 3Remove the pentalobe screwsCaution:Before you begin, discharge your iPhone battery below 25%.",Battery Issue
"iPhone 12 Earpiece Speaker and Front Sensor Assembly Replacement. Follow the steps in this guide to remove or transfer the earpiece speaker and front sensor assembly in your iPhone 12. This assembly is affixed to. Steps: Step 1Remove the pentalobe screwsCaution:Before you begin, discharge your iPhone battery below 25%. ; Step 2Mark your opening picksIf inserted too far, an opening pick can damage your device. Follow thi; Step 3Tape over any cracksIf your iPhone has a cracked screen, keep further breakage contained and p",Battery Issue
"iPhone 12 Front-Facing Cameras Replacement. Use this guide to remove and replace the front camera assembly (a.k.a. selfie cam) in an iPhone 12. Note: If you replace this part, Face ID will no. Steps: Step 1Remove the pentalobe screwsCaution:Before you begin, discharge your iPhone battery below 25%. ; Step 2Mark your opening picksIf inserted too far, an opening pick can damage your device. Follow thi; Step 3Tape over any cracksIf your iPhone has a cracked screen, keep further breakage contained and p",Battery Issue
"iPhone 12 Loudspeaker Replacement. Use this guide to remove and replace the loudspeaker in an iPhone 12. The loudspeaker is the speaker at the bottom of an iPhone. Steps: Step 1Remove the pentalobe screwsCaution:Before you begin, discharge your iPhone battery below 25%. ; Step 2Mark your opening picksIf inserted too far, an opening pick can damage your device. Follow thi; Step 3Tape over any cracksIf your iPhone has a cracked screen, keep further breakage contained and p",Battery Issue
"iPhone 12 mini Battery Replacement. iPhone batteries are rated to hold 80% of their capacity for up to 500 charge cycles, which lasts roughly 18-24 months for most users. After that,. Steps: Step 1Remove the pentalobe screwsBefore you begin, discharge your iPhone battery below 25%. A charge; Step 2Mark your opening picksIf inserted too far, an opening pick can damage your device. Follow thi; Step 3Tape over any cracksIf your iPhone has a cracked screen, keep further breakage contained and p",Battery Issue
"iPhone 12 mini Bottom Speaker Replacement. This guide shows how to remove and/or replace the bottom speaker in an iPhone 12 mini. You’ll need replacement adhesive to reattach components when. Steps: Step 1Remove the pentalobe screwsBefore you begin, discharge your iPhone battery below 25%. A charge; Step 2Mark your opening picksIf inserted too far, an opening pick can damage your device. Follow thi; Step 3Tape over any cracksIf your iPhone has a cracked screen, keep further breakage contained and p",Battery Issue
"iPhone 12 mini Earpiece Speaker and Front Sensor Assembly Replacement. This guide shows how to remove or transfer the earpiece speaker and front sensor assembly in your iPhone 12 mini. This assembly is affixed to the. Steps: Step 1Remove the pentalobe screwsBefore you begin, discharge your iPhone battery below 25%. A charge; Step 2Mark your opening picksIf inserted too far, an opening pick can damage your device. Follow thi; Step 3Tape over any cracksIf your iPhone has a cracked screen, keep further breakage contained and p",Battery Issue
"iPhone 12 Pro Battery Replacement. iPhone batteries are rated to hold 80% of their capacity for up to 500 charge cycles, which lasts roughly 18-24 months for most users. After that,. Steps: Step 1Eject the SIM card trayInsert a SIM card eject tool or a paperclip into the small hole in the ; Step 2Remove the SIM card trayRemove the SIM card tray from the iPhone.The SIM card will fall out of; Step 3Remove the pentalobe screwsCaution:Before you begin, discharge your iPhone battery below 25%.",Battery Issue
"iPhone 12 Pro Earpiece Speaker and Front Sensor Assembly Replacement. Follow the steps in this guide to remove or transfer the earpiece speaker and front sensor assembly in your iPhone 12 Pro. This assembly is affixed. Steps: Step 1Remove the pentalobe screwsCaution:Before you begin, discharge your iPhone battery below 25%. ; Step 2Mark your opening picksIf inserted too far, an opening pick can damage your device. Follow thi; Step 3Tape over any cracksIf your iPhone has a cracked screen, keep further breakage contained and p",Battery Issue
"iPhone 12 Pro Front-Facing Cameras Replacement. Use this guide to remove and replace the front camera assembly (a.k.a. selfie cam) in an iPhone 12 Pro. Note: If you replace this part, Face ID. Steps: Step 1Remove the pentalobe screwsCaution:Before you begin, discharge your iPhone battery below 25%. ; Step 2Mark your opening picksIf inserted too far, an opening pick can damage your device. Follow thi; Step 3Tape over any cracksIf your iPhone has a cracked screen, keep further breakage contained and p",Battery Issue
"iPhone 12 Pro Max Battery Replacement. iPhone batteries are rated to hold 80% of their capacity for up to 500 charge cycles, which lasts roughly 18-24 months for most users. After that,. Steps: Step 1Remove the pentalobe screwsCaution:Before you begin, discharge your iPhone battery below 25%. ; Step 2Mark your opening picksIf inserted too far, an opening pick can damage your device. Follow thi; Step 3Tape over any cracksIf your iPhone has a cracked screen, keep further breakage contained and p",Battery Issue
"iPhone 12 Pro Max Earpiece Speaker and Front Sensor Assembly Replacement. Follow the steps in this guide to remove or transfer the earpiece speaker and front sensor assembly in your iPhone 12 Pro Max. This assembly is. Steps: Step 1Remove the pentalobe screwsCaution:Before you begin, discharge your iPhone battery below 25%. ; Step 2Mark your opening picksIf inserted too far, an opening pick can damage your device. Follow thi; Step 3Tape over any cracksIf your iPhone has a cracked screen, keep further breakage contained and p",Battery Issue
"iPhone 12 Pro Max Front-Facing Cameras Replacement. Use this guide to remove and replace the front camera assembly (a.k.a. selfie cam) in an iPhone 12 Pro Max. Note: If you replace this part, Face ID. Steps: Step 1Remove the pentalobe screwsCaution:Before you begin, discharge your iPhone battery below 25%. ; Step 2Mark your opening picksIf inserted too far, an opening pick can damage your device. Follow thi; Step 3Tape over any cracksIf your iPhone has a cracked screen, keep further breakage contained and p",Battery Issue
"iPhone 11 Battery Replacement. iPhone batteries degrade with use—over time, they lose their ability to hold a full charge. Apple's batteries are rated to hold 80% of their. Steps: Step 1Remove the pentalobe screwsBefore you begin, discharge your iPhone battery below 25%. A charge; Step 2Mark your opening picksIf inserted too far, an opening pick can damage your device. Follow thi; Step 3Tape over any cracksIf your iPhone has a cracked screen, keep further breakage contained and p",Battery Issue
"iPhone 11 Display Panel Replacement. If your iPhone 11 screen is cracked, not responding to touch, or not showing a picture when powered on, use this guide to get your iPhone working. Steps: Step 1Remove the pentalobe screwsBefore you begin, discharge your iPhone battery below 25%. A charge; Step 2Mark your opening picksIf inserted too far, an opening pick can damage your device. Follow thi; Step 3Tape over any cracksIf your iPhone has a cracked screen, keep further breakage contained and p",Battery Issue
"iPhone 11 Earpiece Speaker and Front Sensor Assembly Replacement. Follow the steps in this guide to remove, transfer, and/or replace the earpiece speaker and front sensor assembly in your iPhone 11. This single. Steps: Step 1Remove the pentalobe screwsBefore you begin, discharge your iPhone battery below 25%. A charge; Step 2Mark your opening picksIf inserted too far, an opening pick can damage your device. Follow thi; Step 3Tape over any cracksIf your iPhone has a cracked screen, keep further breakage contained and p",Battery Issue
"iPhone 11 Pro Back Glass Replacement. Hi everyone, In this video guide, I will show you how to quickly replace cracked back glass on the iPhone 11 Pro. Please note: removing broken.",Back Glass Issue
"iPhone 11 Pro Battery Replacement. iPhone batteries are rated to hold 80% of their capacity for up to 500 charge cycles, which lasts roughly 18-24 months for most users. After that,. Steps: Step 1Remove the pentalobe screwsBefore you begin, discharge your iPhone battery below 25%. A charge; Step 2Mark your opening picksIf inserted too far, an opening pick can damage your device. Follow thi; Step 3Tape over any cracksIf your iPhone has a cracked screen, keep further breakage contained and p",Battery Issue
"iPhone 11 Pro Earpiece Speaker and Front Sensor Assembly Replacement. Follow the steps in this guide to remove or transfer the earpiece speaker and front sensor assembly in your iPhone 11 Pro. This assembly is affixed. Steps: Step 1Remove the pentalobe screwsBefore you begin, discharge your iPhone battery below 25%. A charge; Step 2Mark your opening picksIf inserted too far, an opening pick can damage your device. Follow thi; Step 3Tape over any cracksIf your iPhone has a cracked screen, keep further breakage contained and p",Battery Issue
"iPhone 11 Pro Front Camera Replacement Without Losing Face ID. In the case of a damaged or malfunctioning front camera, it is possible although difficult to replace only the front camera. As the front camera is. Steps: Step 1Remove the pentalobe screwsBefore you begin, discharge your iPhone battery below 25%. A charge; Step 2Tape over any cracksIf your iPhone has a cracked screen, keep further breakage contained and p; Step 3Anti-Clamp instructionsTool used on this step:Clampy - Anti-Clamp$24.95BuyThe next three steps",Battery Issue
"iPhone 11 Pro Max Teardown. The rumor mill has been hard at work surrounding the iPhone 11 Pro Max release, and we’re hard at work to put these rumors to rest. How much RAM is. Steps: Step 1iPhone 11 Pro Max TeardownRumors abound—but going into this teardown we only know one thing fo; Step 2Before getting too far, we ask our friends atCreative Electronfor a little help. Wielding the ; Step 3This year's iPhone adds a little extra material around the middle, and alotaround the cameras.",Camera Issue
"iPhone 11 Pro Max Audio Control Cable Replacement. If your volume buttons or silent switch have quit working, replacing the Audio Control Cable may help. This cable also connects the wireless. Steps: Step 1Remove the pentalobe screwsBefore you begin, discharge your iPhone battery below 25%. A charge; Step 2Mark your opening picksIf inserted too far, an opening pick can damage your device. Follow thi; Step 3Tape over any cracksIf your iPhone has a cracked screen, keep further breakage contained and p",Battery Issue
"iPhone 11 Pro Max Battery Replacement. iPhone batteries are rated to hold 80% of their capacity for up to 500 charge cycles, which lasts roughly 18-24 months for most users. After that,. Steps: Step 1Remove the pentalobe screwsBefore you begin, discharge your iPhone battery below 25%. A charge; Step 2Mark your opening picksIf inserted too far, an opening pick can damage your device. Follow thi; Step 3Tape over any cracksIf your iPhone has a cracked screen, keep further breakage contained and p",Battery Issue
"iPhone 11 Pro Max Earpiece Speaker and Front Sensor Assembly Replacement. Follow the steps in this guide to remove or transfer the earpiece speaker and front sensor assembly in your iPhone 11 Pro Max. This assembly is. Steps: Step 1Remove the pentalobe screwsBefore you begin, discharge your iPhone battery below 25%. A charge; Step 2Mark your opening picksIf inserted too far, an opening pick can damage your device. Follow thi; Step 3Tape over any cracksIf your iPhone has a cracked screen, keep further breakage contained and p",Battery Issue
"iPhone SE 2022 Battery Replacement. Use this guide shows to remove and replace the battery in the iPhone SE 2022. This guide was performed on the A2783 (international) model. If your. Steps: Step 1Remove the pentalobe screwsPower off your phone before beginning disassembly.Remove the two 3.; Step 2Mark your opening picksIf inserted too far, an opening pick can damage your device. Follow thi; Step 3Tape over any cracksIf your iPhone has a cracked screen, keep further breakage contained and p",Battery Issue
"iPhone SE 2022 Earpiece Speaker Replacement. Use this guide to replace a broken earpiece speaker on a iPhone SE 2022. This guide was performed on the A2783 (international) model. Note: This. Steps: Step 1Remove the pentalobe screwsPower off your phone before beginning disassembly.Remove the two 3.; Step 2Mark your opening picksIf inserted too far, an opening pick can damage your device. Follow thi; Step 3Tape over any cracksIf your iPhone has a cracked screen, keep further breakage contained and p",Display Issue
"iPhone SE 2022 Front Camera And Sensor Cable Replacement. Use this guide to remove or replace the front camera and the sensor cable in an iPhone SE 2022. This assembly includes a microphone, the front. Steps: Step 1Remove the pentalobe screwsPower off your phone before beginning disassembly.Remove the two 3.; Step 2Mark your opening picksIf inserted too far, an opening pick can damage your device. Follow thi; Step 3Tape over any cracksIf your iPhone has a cracked screen, keep further breakage contained and p",Display Issue
"iPhone SE 2022 Home/Touch ID Sensor Replacement. Use this guide to remove, transfer, or replace the home/touch ID sensor a.k.a the home button in an iPhone SE 2022. This guide was performed on the. Steps: Step 1Remove the pentalobe screwsPower off your phone before beginning disassembly.Remove the two 3.; Step 2Mark your opening picksIf inserted too far, an opening pick can damage your device. Follow thi; Step 3Tape over any cracksIf your iPhone has a cracked screen, keep further breakage contained and p",Display Issue
"iPhone SE 2020 Battery Replacement. Use this guide to revive your iPhone SE 2020’s battery life and performance with a new battery. If your battery is swollen, take appropriate. Steps: Step 1Remove the pentalobe screwsBefore you begin, discharge your iPhone battery below 25%. A charge; Step 2Mark your opening picksIf inserted too far, an opening pick can damage your device. Follow thi; Step 3Anti-Clamp instructionsTool used on this step:Clampy - Anti-Clamp$24.95BuyThe next three steps",Battery Issue
"iPhone SE 2020 Earpiece Speaker Replacement. Follow this guide to replace a broken earpiece speaker for the iPhone SE 2020. Steps: Step 1Remove the pentalobe screwsBefore you begin, discharge your iPhone battery below 25%. A charge; Step 2Mark your opening picksIf inserted too far, an opening pick can damage your device. Follow thi; Step 3Anti-Clamp instructionsTool used on this step:Clampy - Anti-Clamp$24.95BuyThe next three steps",Battery Issue
"iPhone SE 2020 Front Camera And Sensor Cable Replacement. Follow this guide to replace the front camera and sensor cable for your iPhone SE 2020. This assembly includes a microphone, front camera,. Steps: Step 1Remove the pentalobe screwsBefore you begin, discharge your iPhone battery below 25%. A charge; Step 2Mark your opening picksIf inserted too far, an opening pick can damage your device. Follow thi; Step 3Anti-Clamp instructionsTool used on this step:Clampy - Anti-Clamp$24.95BuyThe next three steps",Battery Issue
"Samsung Galaxy S24 Ultra Back Cover Replacement. Use this guide to replace the back cover in your Samsung Galaxy S24 Ultra. Steps: Step 1Prepare your phone for disassemblyAllow your phone's battery to drain below 25%, as a charged ; Step 2Heat the right edgeHeat an iOpenerand apply it to the right edge of the back cover for two min; Step 3Insert an opening pickApply a suction handle to the back cover, as close to the center of the",Battery Issue
"Samsung Galaxy S24 Ultra Battery Replacement. Follow this guide to replace a dead or worn-out battery in your Samsung Galaxy S24 Ultra. This guide is for the battery only. If you're replacing. Steps: Step 1Prepare your phone for disassemblyAllow your phone's battery to drain below 25%, as a charged ; Step 2Heat the right edgeHeat an iOpenerand apply it to the right edge of the back cover for two min; Step 3Insert an opening pickApply a suction handle to the back cover, as close to the center of the",Battery Issue
"Samsung Galaxy S24 Ultra Earpiece Speaker Replacement. Use this guide to replace the earpiece speaker in your Samsung Galaxy S24 Ultra. Steps: Step 1Prepare your phone for disassemblyAllow your phone's battery to drain below 25%, as a charged ; Step 2Heat the right edgeHeat an iOpenerand apply it to the right edge of the back cover for two min; Step 3Insert an opening pickApply a suction handle to the back cover, as close to the center of the",Battery Issue
"Samsung Galaxy S24 Ultra Front Camera Replacement. Use this guide to replace the front camera in your Samsung Galaxy S24 Ultra. Steps: Step 1Prepare your phone for disassemblyAllow your phone's battery to drain below 25%, as a charged ; Step 2Heat the right edgeHeat an iOpenerand apply it to the right edge of the back cover for two min; Step 3Insert an opening pickApply a suction handle to the back cover, as close to the center of the",Battery Issue
"Samsung Galaxy S24 Plus Back Cover Replacement. Use this guide to replace the back cover in your Samsung Galaxy S24+. Steps: Step 1Prepare your phone for disassemblyAllow your phone's battery to drain below 25%, as a charged ; Step 2Heat the right edgeHeat an iOpenerand apply it to the right edge of the back cover for two min; Step 3Insert an opening pickApply a suction handle to the back cover, as close to the center of the",Battery Issue
"Samsung Galaxy S24 Plus Battery Replacement. Follow this guide to replace a dead or worn-out battery in your Samsung Galaxy S24+. This guide is for the battery only. If you're replacing the. Steps: Step 1Prepare your phone for disassemblyAllow your phone's battery to drain below 25%, as a charged ; Step 2Heat the right edgeHeat an iOpenerand apply it to the right edge of the back cover for two min; Step 3Insert an opening pickApply a suction handle to the back cover, as close to the center of the",Battery Issue
"Samsung Galaxy S24 Plus Earpiece Speaker Replacement. Use this guide to replace the earpiece speaker in your Samsung Galaxy S24+. Steps: Step 1Prepare your phone for disassemblyAllow your phone's battery to drain below 25%, as a charged ; Step 2Heat the right edgeHeat an iOpenerand apply it to the right edge of the back cover for two min; Step 3Insert an opening pickApply a suction handle to the back cover, as close to the center of the",Battery Issue
"Samsung Galaxy S24 Plus Front Camera Replacement. Use this guide to replace the front camera in your Samsung Galaxy S24+. Steps: Step 1Prepare your phone for disassemblyAllow your phone's battery to drain below 25%, as a charged ; Step 2Heat the right edgeHeat an iOpenerand apply it to the right edge of the back cover for two min; Step 3Insert an opening pickApply a suction handle to the back cover, as close to the center of the",Battery Issue
"Samsung Galaxy S24 Back Cover Replacement. Use this guide to replace the back cover (aka back glass) on your Samsung Galaxy S24. Note: Retaining water resistance after the repair will depend. Steps: Step 1Prepare your phone for disassemblyLet your phone's battery drain below 25% before starting thi; Step 2Heat the right edgeHeat an iOpenerand apply it to the right edge of the back cover for two min; Step 3Insert an opening pickApply a suction handle to the back cover, as close to the center of the",Battery Issue
"Samsung Galaxy S24 Battery Replacement. Follow this guide to replace a dead or worn-out battery in your Samsung Galaxy S24. This guide is for the battery itself. If you're replacing the. Steps: Step 1Prepare your phone for disassemblyLet your phone's battery drain below 25% before starting thi; Step 2Heat the right edgeHeat an iOpenerand apply it to the right edge of the back cover for two min; Step 3Insert an opening pickApply a suction handle to the back cover, as close to the center of the",Battery Issue
"Samsung Galaxy S24 Battery Replacement. This manual will explain to you the procedure of changing the battery of a Samsung Galaxy S24. If the battery has degraded or if it has swelled it. Steps: Step 1BatteryStep 1 — Heat the Back Cover For 1–2 minutes, use a heat gun or an iOpener on the back ; Step 2Step 2 — Separate the Back Cover A suction handle should be placed at the bottom edge of the b; Step 3Step 3 — Disconnect the Battery A spudger should be used to detach the battery connector strai",Battery Issue
"Samsung Galaxy S24 Earpiece Speaker Replacement. Use this guide to replace the earpiece speaker in your Samsung Galaxy S24. If the sound coming through your earpiece speaker sounds like static or. Steps: Step 1Prepare your phone for disassemblyLet your phone's battery drain below 25% before starting thi; Step 2Heat the right edgeHeat an iOpenerand apply it to the right edge of the back cover for two min; Step 3Insert an opening pickApply a suction handle to the back cover, as close to the center of the",Battery Issue
"Samsung Galaxy S23 Back Cover Replacement. Use this guide to replace the back cover in your Samsung Galaxy S23. Note: Retaining water resistance after the repair will depend on how well you. Steps: Step 1Prepare your phone for disassemblyAllow your phone's battery to drain below 25%, as a charged ; Step 2Heat the right edgeHeat an iOpenerand apply it to the right edge of the back cover for two min; Step 3Insert an opening pickApply a suction handle to the back cover, as close to the center of the",Battery Issue
"Samsung Galaxy S23 Battery Replacement. Follow this guide to replace a dead or worn-out battery in your Samsung Galaxy S23. This guide is for the battery itself. If you're replacing the. Steps: Step 1Prepare your phone for disassemblyAllow your phone's battery to drain below 25%, as a charged ; Step 2Heat the right edgeHeat an iOpenerand apply it to the right edge of the back cover for two min; Step 3Insert an opening pickApply a suction handle to the back cover, as close to the center of the",Battery Issue
"Samsung Galaxy S23 Earpiece Speaker Replacement. Use this guide to replace the earpiece speaker in your Samsung Galaxy S23. Note: Retaining water resistance after the repair will depend on how. Steps: Step 1Prepare your phone for disassemblyAllow your phone's battery to drain below 25%, as a charged ; Step 2Heat the right edgeHeat an iOpenerand apply it to the right edge of the back cover for two min; Step 3Insert an opening pickApply a suction handle to the back cover, as close to the center of the",Battery Issue
"Samsung Galaxy S23 Front Camera Replacement. Use this guide to replace the front &quot;selfie&quot; camera in your Samsung Galaxy S23. Note: Retaining water resistance after the repair will depend on. Steps: Step 1Prepare your phone for disassemblyAllow your phone's battery to drain below 25%, as a charged ; Step 2Heat the right edgeHeat an iOpenerand apply it to the right edge of the back cover for two min; Step 3Insert an opening pickApply a suction handle to the back cover, as close to the center of the",Battery Issue
"Samsung Galaxy S22 Ultra Chip ID. Chip ID for the Samsung Galaxy S22 Ultra smartphone. Check out our Samsung Galaxy S22 teardowns for more details. Many thanks to our community. Steps: Step 1Main Board Side 1IC Identification Pt. 1:QualcommSM8450Snapdragon 8 Gen 1 Octa-Core Processor ; Step 2IC Identification, pt. 2:Cirrus LogicCS40L26Haptic DriverQualcomm PMR735A Power ManagementQual; Step 3IC Identification Pt. 3:Qualcomm SDR735 RF TransceiverQualcomm SMR546 RF TransceiverNXP Semico",Mainboard Issue
"Samsung Galaxy S22 Ultra Back Cover Replacement. Follow this guide to remove or replace the back cover in your Samsung Galaxy S22 Ultra. Note: Retaining water resistance after the repair will. Steps: Step 1Heat the right edgeLet your phone's battery drain to below 25% before starting this repair. A ; Step 2Adhesive informationWhile you wait for the adhesive to soften, note the following:There's adhe; Step 3Insert an opening pickApply a suction handle to the back cover, as close to the center of the",Battery Issue
"Samsung Galaxy S22 Ultra Battery Replacement. Follow this guide to replace the battery in your Samsung Galaxy S22 Ultra. This guide is for the battery itself. If you're replacing the OEM screen. Steps: Step 1Heat the right edgeLet your phone's battery drain to below 25% before starting this repair. A ; Step 2Adhesive informationWhile you wait for the adhesive to soften, note the following:There's adhe; Step 3Insert an opening pickApply a suction handle to the back cover, as close to the center of the",Battery Issue
"Samsung Galaxy S22 Ultra Earpiece Speaker & Vibration Motor Replacement. Follow this guide to remove or replace the earpiece speaker and vibration motor in your Samsung Galaxy S22 Ultra. Steps: Step 1Heat the right edgeLet your phone's battery drain to below 25% before starting this repair. A ; Step 2Adhesive informationWhile you wait for the adhesive to soften, note the following:There's adhe; Step 3Insert an opening pickApply a suction handle to the back cover, as close to the center of the",Battery Issue
"Samsung Galaxy S22 Plus Back Cover Replacement. Use this guide to replace the back cover on your Samsung Galaxy S22+. Note: Retaining water resistance after the repair will depend on how well you. Steps: Step 1Heat the bottom edgeLet your phone's battery to drain below 25% before starting this repair. A; Step 2Insert an opening pickSecure a suction handle to the bottom edge of the back cover, as close t; Step 3Slice the bottom adhesiveRemove the suction handle.Slide the opening pick along the bottom edg",Battery Issue
"Samsung Galaxy S22+ Battery Replacement. Follow this guide to replace the battery in your Samsung Galaxy S22+. This guide is for the battery itself. If you're replacing the OEM screen and. Steps: Step 1Heat the bottom edgeLet your phone's battery to drain below 25% before starting this repair. A; Step 2Insert an opening pickSecure a suction handle to the bottom edge of the back cover, as close t; Step 3Slice the bottom adhesiveRemove the suction handle.Slide the opening pick along the bottom edg",Battery Issue
"Samsung Galaxy S22 Plus SIM Card Tray Replacement. Use this guide to remove or replace the SIM card tray in your Samsung Galaxy S22+. Steps: Step 1Eject the SIM card trayInsert a SIM eject tool, bit, or straightened paper clip into the SIM c",SIM IC Issue
"Samsung Galaxy S22 Plus Screen and Battery Assembly Replacement. Follow this guide to replace the screen and battery assembly on your Samsung Galaxy S22+. This guide is written for the screen and battery. Steps: Step 1Eject the SIM card trayInsert a SIM eject tool, bit, or straightened paper clip into the SIM c; Step 2Heat the bottom edgeLet your phone's battery to drain below 25% before starting this repair. A; Step 3Insert an opening pickSecure a suction handle to the bottom edge of the back cover, as close t",Battery Issue
Samsung Galaxy S22 Chip ID. Chip ID for the Samsung Galaxy S22 smartphone. Check out our Samsung Galaxy S22 teardowns for more details. Many thanks to our community member. Steps: Step 1Main Board Side 1IC Identification pt. 1:QualcommSM8450Snapdragon 8 Gen 1 Octa-Core Processor ; Step 2IC Identification pt. 2:NXP Semiconductor SN220U NFC Controller w/ Secure ElementQualcomm SMR5; Step 3IC Identification pt. 3 (sensors):Austria Microelectronics Ambient Light/Color/Gesture/Proximi,Mainboard Issue
"Samsung Galaxy S22 Back Cover Replacement. Follow this guide to remove or replace the back cover in your Samsung Galaxy S22. Note: Retaining water resistance after the repair will depend on. Steps: Step 1Heat the bottom edgeLet your phone's battery to drain below 25% before starting this repair. A; Step 2Adhesive informationWhile you wait for the adhesive to soften, note the following:There's adhe; Step 3Insert an opening pickApply a suction handle to the back cover, as close to the bottom edge as",Battery Issue
"Samsung Galaxy S22 Battery Replacement. Follow this guide to replace the battery in your Samsung Galaxy S22. This guide is for the battery itself. If you're replacing the OEM screen and. Steps: Step 1Heat the bottom edgeLet your phone's battery to drain below 25% before starting this repair. A; Step 2Adhesive informationWhile you wait for the adhesive to soften, note the following:There's adhe; Step 3Insert an opening pickApply a suction handle to the back cover, as close to the bottom edge as",Battery Issue
"Samsung Galaxy S22 Earpiece Speaker Replacement. Follow this guide to remove or replace the earpiece speaker in your Samsung Galaxy S22. Steps: Step 1Heat the bottom edgeLet your phone's battery to drain below 25% before starting this repair. A; Step 2Adhesive informationWhile you wait for the adhesive to soften, note the following:There's adhe; Step 3Insert an opening pickApply a suction handle to the back cover, as close to the bottom edge as",Battery Issue
"Samsung Galaxy S21 Ultra Back Cover Replacement. Use this guide to replace the back cover on your Samsung Galaxy S21 Ultra. Note: Retaining water resistance after the repair will depend on how. Steps: Step 1Heat the back coverUnplug and power off your phone before you begin.Prepare an iOpenerand appl; Step 2Insert an opening pickSecure a suction handle to the bottom edge of the back cover, as close t; Step 3Slice the adhesiveInsert a second opening pick at the bottom edge of your phone.Slide the open",Power IC Issue
"Samsung Galaxy S21 Ultra Battery Replacement. Use this guide to replace a worn-out or dead battery in your Samsung Galaxy S21 Ultra. This guide was performed on the SM-G998B/DS (international). Steps: Step 1Heat the back coverUnplug and power off your phone before you begin.Prepare an iOpenerand appl; Step 2Insert an opening pickSecure a suction handle to the bottom edge of the back cover, as close t; Step 3Slice the adhesiveInsert a second opening pick at the bottom edge of your phone.Slide the open",Battery Issue
"Samsung Galaxy S21 Ultra Charging Board Replacement. Use this guide to replace the charging board on your Samsung Galaxy S21 Ultra. This guide was performed on the SM-G998B/DS (international) model. Steps: Step 1Heat the back coverUnplug and power off your phone before you begin.Prepare an iOpenerand appl; Step 2Insert an opening pickSecure a suction handle to the bottom edge of the back cover, as close t; Step 3Slice the adhesiveInsert a second opening pick at the bottom edge of your phone.Slide the open",Charging IC Issue
"Samsung Galaxy S21+ Back Cover Replacement. Use this guide to replace the back cover on your Samsung Galaxy S21+. Note: Retaining water resistance after the repair will depend on how well you. Steps: Step 1Heat the bottom edgeHeat an iOpenerand apply it to the bottom edge of the back cover for two m; Step 2Insert an opening pickSecure a suction handle to the bottom edge of the back cover, as close t; Step 3Slice the adhesiveInsert a second opening pick at the bottom edge of your phone.Slide the open",Water Damage - Inspect All Components
"Samsung Galaxy S21 Plus Battery Replacement. Use this guide to replace a worn-out or dead battery in your Samsung Galaxy S21 Plus. This guide was performed on the SM-G996B/DS (international). Steps: Step 1Heat the back coverPrepare an iOpenerand apply it to the back cover for at least three minutes; Step 2Insert an opening pickSecure a suction handle to the bottom edge of the back cover, as close t; Step 3Slice the adhesiveInsert a second opening pick at the bottom edge of your phone.Slide the open",Battery Issue
"Samsung Galaxy S21 Plus Charging Board Replacement. Use this guide to replace the charging board on your Samsung Galaxy S21 Plus. This guide was performed on the SM-G996B/DS (international) model. Steps: Step 1Heat the back coverPrepare an iOpenerand apply it to the back cover for at least three minutes; Step 2Insert an opening pickSecure a suction handle to the bottom edge of the back cover, as close t; Step 3Slice the adhesiveInsert a second opening pick at the bottom edge of your phone.Slide the open",Charging IC Issue
"Samsung Galaxy S21 Plus Display Cable Replacement. Use this guide to replace the display cable on your Samsung Galaxy S21 Plus. This guide was performed on the SM-G996B/DS (international) model. Steps: Step 1Heat the back coverPrepare an iOpenerand apply it to the back cover for at least three minutes; Step 2Insert an opening pickSecure a suction handle to the bottom edge of the back cover, as close t; Step 3Slice the adhesiveInsert a second opening pick at the bottom edge of your phone.Slide the open",Display Issue
"Samsung Galaxy S21 5G Antenna Replacement. Use this guide to remove or replace one or both 5G antennas in your Samsung Galaxy S21. For your safety, discharge the battery below 25% before. Steps: Step 1Heat the bottom edgeCompletely power off your phone before you begin.Heat an iOpenerand apply ; Step 2Separate the bottom adhesiveApply a suction cup to the back of the phone, as close to the cent; Step 3Slice the bottom adhesiveSlide the pick back and forth along the bottom edge to slice through",Battery Issue
"Samsung Galaxy S21 Back Cover Replacement. Use this guide to remove or replace the back cover in your Samsung Galaxy S21. Note: Retaining water resistance after the repair will depend on how. Steps: Step 1Heat the bottom edgeCompletely power off your phone before you begin.Heat an iOpenerand apply ; Step 2Separate the bottom adhesiveApply a suction cup to the back of the phone, as close to the cent; Step 3Slice the bottom adhesiveSlide the pick back and forth along the bottom edge to slice through",Power IC Issue
"Samsung Galaxy S21 Battery Replacement. Use this guide to remove or replace the battery in your Samsung Galaxy S21. For your safety, discharge the battery below 25% before disassembling. Steps: Step 1Heat the bottom edgeCompletely power off your phone before you begin.Heat an iOpenerand apply ; Step 2Separate the bottom adhesiveApply a suction cup to the back of the phone, as close to the cent; Step 3Slice the bottom adhesiveSlide the pick back and forth along the bottom edge to slice through",Battery Issue
"Samsung Galaxy Z Flip 5 Back Glass Replacement. The Galaxy Z Flip 5 is a gorgeous device, but its back glass is surprisingly easy to scratch and can crack with a drop. If you’re dealing with. Steps: Step 1Back GlassEnsure the phone's battery is below 25% to minimize the risk of battery issues durin; Step 2Apply low heat with a heat gun or medium heat with a hairdryer around the edges of the back gl; Step 3Gently insert the tip of an opening pick or thin plastic card into the seam between the back g",Battery Issue
Samsung Galaxy Z Flip 4 Display Replacement. This guide will show you how to replace the screen of your beloved Samsung Galaxy Z Flip 4. You'll need the following tools: (1) iOpener/Heatgun. Steps: Step 1Turn off your PhoneMake sure your phone is turned off before starting this guide.EditAdd a com; Step 2Remove Lower-CoverGet your iOpener/Heatgun and start by heating up the bottom back cover.Start; Step 3Remove upper Back-CoverGet your iOpener/Heatgun and start by heating up the upper back cover.S,Display Issue
"Samsung Galaxy A14 Screen Replacement. Reasons you may need this replacement: (1) Screen won't turn on (1.1) This may be caused by a faulty battery, battery disconnection, display discon. Steps: Step 1Remove the Sim Tray and Power Off the device.Use a SIM tray pin or a safe needle to remove the; Step 2Open the phone.Take your prying tool. Pick any area of the phone. The best areas are below th; Step 3Remove Upper Panel and Disconnect upper wiring.Unscrew the top panel and take it off. Disconne",Battery Issue
"Samsung Galaxy A52 Back Cover Replacement. Use this guide to replace a damaged back cover on your Samsung Galaxy A52. If you do not replace the adhesive seals when reassembling, your device. Steps: Step 1Heat the back coverPrepare an iOpenerand apply it to the back cover for at least two minutes t; Step 2Insert an opening pickSecure a suction handle to the right edge of the back cover, as close to; Step 3Slice the adhesiveSlide the opening pick to the top right corner to slice the adhesive.Leave t",Overheating Issue
"Samsung Galaxy A52 Battery Replacement. Use this guide to replace a worn-out or dead battery in your Galaxy A52. If your battery is swollen, take appropriate precautions. For your safety,. Steps: Step 1Heat the back coverPrepare an iOpenerand apply it to the back cover for at least two minutes t; Step 2Insert an opening pickSecure a suction handle to the right edge of the back cover, as close to; Step 3Slice the adhesiveSlide the opening pick to the top right corner to slice the adhesive.Leave t",Battery Issue
"Samsung Galaxy A52 Loudspeaker Replacement. Use this guide to replace the loudspeaker on your Samsung Galaxy A52. You’ll need replacement adhesive to reattach components when reassembling the. Steps: Step 1Heat the back coverPrepare an iOpenerand apply it to the back cover for at least two minutes t; Step 2Insert an opening pickSecure a suction handle to the right edge of the back cover, as close to; Step 3Slice the adhesiveSlide the opening pick to the top right corner to slice the adhesive.Leave t",Speaker Issue
"Samsung Galaxy A52 Screen Replacement. Use this guide to replace a cracked or broken screen on your Galaxy A52. If the frame is deformed, it's important to replace it to make sure the. Steps: Step 1Heat the back coverPrepare an iOpenerand apply it to the back cover for at least two minutes t; Step 2Insert an opening pickSecure a suction handle to the right edge of the back cover, as close to; Step 3Slice the adhesiveSlide the opening pick to the top right corner to slice the adhesive.Leave t",Display Issue
"Samsung Galaxy A72 Back Cover Replacement. Use this guide to replace a damaged back cover on your Samsung Galaxy A72. If you do not replace the adhesive seals when reassembling, your device. Steps: Step 1Heat the back coverPrepare an iOpenerand apply it to the back cover for at least two minutes t; Step 2Insert an opening pickSecure a suction handle to the bottom edge of the back cover, as close t; Step 3Slice the adhesiveInsert a second opening pick at the bottom edge of your phone.Slide the open",Overheating Issue
"Samsung Galaxy A72 Battery Replacement. Use this guide to replace a worn-out or dead battery in your Samsung Galaxy A72. For your safety, discharge the battery below 25% before. Steps: Step 1Heat the back coverPrepare an iOpenerand apply it to the back cover for at least two minutes t; Step 2Insert an opening pickSecure a suction handle to the bottom edge of the back cover, as close t; Step 3Slice the adhesiveInsert a second opening pick at the bottom edge of your phone.Slide the open",Battery Issue
"Samsung Galaxy A72 Loudspeaker Replacement. Use this guide to replace the loudspeaker on your Samsung Galaxy A72. If you do not replace the adhesive seals when reassembling, your device will. Steps: Step 1Heat the back coverPrepare an iOpenerand apply it to the back cover for at least two minutes t; Step 2Insert an opening pickSecure a suction handle to the bottom edge of the back cover, as close t; Step 3Slice the adhesiveInsert a second opening pick at the bottom edge of your phone.Slide the open",Speaker Issue
"Samsung Galaxy A72 Screen Replacement. Use this guide to replace a cracked or broken screen on your Samsung Galaxy A72. If the frame is deformed, it's important to replace it to make. Steps: Step 1Heat the back coverPrepare an iOpenerand apply it to the back cover for at least two minutes t; Step 2Insert an opening pickSecure a suction handle to the bottom edge of the back cover, as close t; Step 3Slice the adhesiveInsert a second opening pick at the bottom edge of your phone.Slide the open",Display Issue
"Samsung Galaxy Note 20 and Note 20 Ultra Teardown. We’re on a mission to tear down all the Galaxy Things that Samsung released at Unpacked this month. Beans? All chewed up. Watch? All wound down. Steps: Step 1Samsung Galaxy Note 20 and Note 20 Ultra TeardownThere are multiple versions of both these pho; Step 2One important spec we left out: colors! We opted for Mystic Green on the Note 20, and Mystic B; Step 3First things first, we use our S Pens to jot down a few notes about camera bumps. If you like",Camera Issue
"Samsung Galaxy Note20 Ultra Battery Replacement. Use this guide to replace the battery on your Samsung Galaxy Note20 Ultra. For your safety, discharge the battery below 25% before disassembling. Steps: Step 1Heat the rear coverCompletely power off your phone before you begin disassembly.Heat an iOpene; Step 2Insert an opening pickApply a suction cup to the heated edge of the rear cover, as close to th; Step 3Begin to cut the adhesiveSlide the opening pick along the left edge towards the bottom left co",Battery Issue
"Samsung Galaxy Note20 Ultra Daughterboard Replacement. Use this guide to remove or replace the daughterboard on your Samsung Galaxy Note20 Ultra. For your safety, discharge the battery below 25% before. Steps: Step 1Heat the rear coverCompletely power off your phone before you begin disassembly.Heat an iOpene; Step 2Insert an opening pickApply a suction cup to the heated edge of the rear cover, as close to th; Step 3Begin to cut the adhesiveSlide the opening pick along the left edge towards the bottom left co",Battery Issue
"Samsung Galaxy Note20 Ultra Earpiece Speaker Replacement. Use this guide to remove or replace the earpiece speaker on your Samsung Galaxy Note20 Ultra. For your safety, discharge the battery below 25%. Steps: Step 1Heat the rear coverCompletely power off your phone before you begin disassembly.Heat an iOpene; Step 2Insert an opening pickApply a suction cup to the heated edge of the rear cover, as close to th; Step 3Begin to cut the adhesiveSlide the opening pick along the left edge towards the bottom left co",Battery Issue
"Samsung Galaxy Note20 Battery Replacement. Use this guide to remove and replace the battery on your Samsung Galaxy Note20. For your safety, discharge the battery below 25% before. Steps: Step 1Heat the rear coverCompletely power off your phone before you begin disassembly.Heat an iOpene; Step 2Insert an opening pickApply a suction cup to the heated edge of the rear cover, as close to th; Step 3Begin to cut the adhesiveAs you cut through the adhesive around the perimeter of the phone, do",Battery Issue
"Samsung Galaxy Note20 Daughterboard Replacement. Use this guide to remove and replace the daughterboard on your Samsung Galaxy Note20. For your safety, discharge the battery below 25% before. Steps: Step 1Heat the rear coverCompletely power off your phone before you begin disassembly.Heat an iOpene; Step 2Insert an opening pickApply a suction cup to the heated edge of the rear cover, as close to th; Step 3Begin to cut the adhesiveAs you cut through the adhesive around the perimeter of the phone, do",Battery Issue
"Samsung Galaxy Note20 Earpiece Speaker Replacement. Use this guide to remove or replace the earpiece speaker on your Samsung Galaxy Note20. For your safety, discharge the battery below 25% before. Steps: Step 1Heat the rear coverCompletely power off your phone before you begin disassembly.Heat an iOpene; Step 2Insert an opening pickApply a suction cup to the heated edge of the rear cover, as close to th; Step 3Begin to cut the adhesiveAs you cut through the adhesive around the perimeter of the phone, do",Battery Issue
"Samsung Galaxy Note20 Front-Facing Camera Replacement. Use this guide to remove and replace the front-facing camera on your Samsung Galaxy Note20. For your safety, discharge the battery below 25% before. Steps: Step 1Heat the rear coverCompletely power off your phone before you begin disassembly.Heat an iOpene; Step 2Insert an opening pickApply a suction cup to the heated edge of the rear cover, as close to th; Step 3Begin to cut the adhesiveAs you cut through the adhesive around the perimeter of the phone, do",Battery Issue
"Huawei Mate 40 Pro Teardown. Still mostly barred from Google services, Huawei has given their Mate-series smartphones another go with the Mate 40 Pro, enticing would-be buyers. Steps: Step 1Huawei Mate 40 Pro TeardownThese days, a smartphone can't compete on specs alone. But that won; Step 2Let's do a quick visual comparison of the Mate 40 Pro to itsMate 30 Pro predecessorbefore exam; Step 3Tool used on this step:iMac Opening Wheel$7.99BuyOur usual procedure of heating, lifting and s",Overheating Issue
"Huawei Mate 40 Pro Teardown. Still mostly barred from Google services, Huawei has given their Mate-series smartphones another go with the Mate 40 Pro, enticing would-be buyers. Steps: Step 1Huawei Mate 40 Pro TeardownThese days, a smartphone can't compete on specs alone. But that won; Step 2Let's do a quick visual comparison of the Mate 40 Pro to itsMate 30 Pro predecessorbefore exam; Step 3Tool used on this step:iMac Opening Wheel$7.99BuyOur usual procedure of heating, lifting and s",Overheating Issue
"Poco F3 Battery Replacement. Use this guide to replace a worn-out or dead battery in your Xiaomi Poco F3. If your battery is swollen, take appropriate precautions. For your. Steps: Step 1Heat the rear glassPrepare an iOpenerand apply it to the rear glass for at least two minutes t; Step 2Insert an opening pickSecure a suction handle to the right edge of the rear glass, as close to; Step 3Slice the adhesiveSlide the opening pick to the top right corner to slice the adhesive.Leave t",Battery Issue
"Xiaomi Poco F3 Loudspeaker Replacement. Use this guide to replace the loudspeaker on your Xiaomi Poco F3. You'll need replacement adhesive in order to complete this repair. Steps: Step 1Heat the rear glassPrepare an iOpenerand apply it to the rear glass for at least two minutes t; Step 2Insert an opening pickSecure a suction handle to the right edge of the rear glass, as close to; Step 3Slice the adhesiveSlide the opening pick to the top right corner to slice the adhesive.Leave t",Speaker Issue
"Xiaomi Poco F3 Rear Glass Replacement. Use this guide to replace the rear glass on your Xiaomi Poco F3. You'll need replacement adhesive in order to complete this repair. Steps: Step 1Heat the rear glassPrepare an iOpenerand apply it to the rear glass for at least two minutes t; Step 2Insert an opening pickSecure a suction handle to the right edge of the rear glass, as close to; Step 3Slice the adhesiveSlide the opening pick to the top right corner to slice the adhesive.Leave t",Back Glass Issue
Xiaomi Poco F3 SIM Card Tray Replacement. Use this guide to remove or replace the SIM card in your Poco F3. Steps: Step 1Remove the SIM card trayInsert a SIM card eject tool or a paperclip into the small hole in the,SIM IC Issue
"Poco X3 Pro Back Cover Replacement. Use this guide to replace a damaged or broken back cover on your Xiaomi Poco X3 Pro. You’ll need replacement adhesive to reattach components when. Steps: Step 1Heat the back coverPrepare an iOpenerand apply it to the back cover for at least two minutes t; Step 2Insert an opening pickSecure a suction handle to the bottom edge of the back cover, as close t; Step 3Slice the adhesiveInsert a second opening pick at the bottom edge of your phone.Slide the open",Overheating Issue
"Poco X3 Pro Battery Replacement. Use this guide to remove or replace the battery on your Xiaomi Poco X3 Pro. If your battery is swollen, take appropriate precautions. For your. Steps: Step 1Heat the back coverPrepare an iOpenerand apply it to the back cover for at least two minutes t; Step 2Insert an opening pickSecure a suction handle to the bottom edge of the back cover, as close t; Step 3Slice the adhesiveInsert a second opening pick at the bottom edge of your phone.Slide the open",Battery Issue
"Poco X3 Pro Screen Replacement. Use this guide to remove or replace the screen on your Xiaomi Poco X3 Pro. If the frame is deformed, it's important to replace it to make sure the. Steps: Step 1Heat the back coverPrepare an iOpenerand apply it to the back cover for at least two minutes t; Step 2Insert an opening pickSecure a suction handle to the bottom edge of the back cover, as close t; Step 3Slice the adhesiveInsert a second opening pick at the bottom edge of your phone.Slide the open",Display Issue
